{
  "Post Contact" : {
    "transaction" : "Post Contact",
    "sampleCount" : 1476,
    "errorCount" : 8,
    "errorPct" : 0.5420054,
    "meanResTime" : 566.3523035230363,
    "medianResTime" : 539.0,
    "minResTime" : 256.0,
    "maxResTime" : 2698.0,
    "pct1ResTime" : 894.3,
    "pct2ResTime" : 975.1499999999999,
    "pct3ResTime" : 1153.46,
    "throughput" : 6.9672266567224765,
    "receivedKBytesPerSec" : 7.272822785922993,
    "sentKBytesPerSec" : 5.8568350496698125
  },
  "Get User" : {
    "transaction" : "Get User",
    "sampleCount" : 50,
    "errorCount" : 0,
    "errorPct" : 0.0,
    "meanResTime" : 519.98,
    "medianResTime" : 441.0,
    "minResTime" : 277.0,
    "maxResTime" : 982.0,
    "pct1ResTime" : 885.0,
    "pct2ResTime" : 961.5,
    "pct3ResTime" : 982.0,
    "throughput" : 0.45883346180670265,
    "receivedKBytesPerSec" : 0.3854021847355284,
    "sentKBytesPerSec" : 0.2442033561373564
  },
  "Login request" : {
    "transaction" : "Login request",
    "sampleCount" : 1498,
    "errorCount" : 8,
    "errorPct" : 0.5340454,
    "meanResTime" : 1405.0420560747666,
    "medianResTime" : 1273.5,
    "minResTime" : 1091.0,
    "maxResTime" : 4284.0,
    "pct1ResTime" : 1806.3000000000004,
    "pct2ResTime" : 1923.1,
    "pct3ResTime" : 3563.4299999999994,
    "throughput" : 7.0388452158876795,
    "receivedKBytesPerSec" : 8.646922935393457,
    "sentKBytesPerSec" : 3.081522987256777
  },
  "Update Contact" : {
    "transaction" : "Update Contact",
    "sampleCount" : 1467,
    "errorCount" : 8,
    "errorPct" : 0.5453306,
    "meanResTime" : 767.8343558282205,
    "medianResTime" : 599.0,
    "minResTime" : 268.0,
    "maxResTime" : 30274.0,
    "pct1ResTime" : 972.2,
    "pct2ResTime" : 1036.6,
    "pct3ResTime" : 2895.6799999999953,
    "throughput" : 6.925103144855974,
    "receivedKBytesPerSec" : 7.2082877378586465,
    "sentKBytesPerSec" : 6.331834903027313
  },
  "Total" : {
    "transaction" : "Total",
    "sampleCount" : 8881,
    "errorCount" : 46,
    "errorPct" : 0.5179597,
    "meanResTime" : 783.8094809143076,
    "medianResTime" : 677.0,
    "minResTime" : 0.0,
    "maxResTime" : 30886.0,
    "pct1ResTime" : 1258.0,
    "pct2ResTime" : 1533.8999999999996,
    "pct3ResTime" : 2041.260000000002,
    "throughput" : 37.96726974246725,
    "receivedKBytesPerSec" : 38.843488182788825,
    "sentKBytesPerSec" : 25.052561333161616
  },
  "Get Contact" : {
    "transaction" : "Get Contact",
    "sampleCount" : 1470,
    "errorCount" : 8,
    "errorPct" : 0.5442177,
    "meanResTime" : 573.8190476190459,
    "medianResTime" : 454.5,
    "minResTime" : 255.0,
    "maxResTime" : 3384.0,
    "pct1ResTime" : 1018.8000000000002,
    "pct2ResTime" : 1112.45,
    "pct3ResTime" : 1291.7399999999998,
    "throughput" : 6.939232152719755,
    "receivedKBytesPerSec" : 7.207677469682165,
    "sentKBytesPerSec" : 3.6943316179976304
  },
  "Delete Contact" : {
    "transaction" : "Delete Contact",
    "sampleCount" : 1457,
    "errorCount" : 7,
    "errorPct" : 0.48043925,
    "meanResTime" : 746.6382978723407,
    "medianResTime" : 536.0,
    "minResTime" : 268.0,
    "maxResTime" : 30886.0,
    "pct1ResTime" : 1008.4000000000001,
    "pct2ResTime" : 1118.0,
    "pct3ResTime" : 1444.1200000000026,
    "throughput" : 6.294742572246968,
    "receivedKBytesPerSec" : 4.66502745579207,
    "sentKBytesPerSec" : 3.8304878574005348
  },
  "Update Contact2" : {
    "transaction" : "Update Contact2",
    "sampleCount" : 1463,
    "errorCount" : 7,
    "errorPct" : 0.4784689,
    "meanResTime" : 640.1537935748468,
    "medianResTime" : 593.0,
    "minResTime" : 0.0,
    "maxResTime" : 3432.0,
    "pct1ResTime" : 1064.0,
    "pct2ResTime" : 1144.8,
    "pct3ResTime" : 1514.1199999999983,
    "throughput" : 6.908829890724317,
    "receivedKBytesPerSec" : 7.222171247662426,
    "sentKBytesPerSec" : 4.374659472723581
  }
}