{
  "Post Contact" : {
    "transaction" : "Post Contact",
    "sampleCount" : 141,
    "errorCount" : 0,
    "errorPct" : 0.0,
    "meanResTime" : 301.06382978723417,
    "medianResTime" : 291.0,
    "minResTime" : 270.0,
    "maxResTime" : 419.0,
    "pct1ResTime" : 343.2,
    "pct2ResTime" : 353.8,
    "pct3ResTime" : 416.06000000000006,
    "throughput" : 2.5424645677810234,
    "receivedKBytesPerSec" : 2.6582440484240326,
    "sentKBytesPerSec" : 2.1414713612102854
  },
  "Get User" : {
    "transaction" : "Get User",
    "sampleCount" : 10,
    "errorCount" : 0,
    "errorPct" : 0.0,
    "meanResTime" : 300.4,
    "medianResTime" : 294.5,
    "minResTime" : 278.0,
    "maxResTime" : 374.0,
    "pct1ResTime" : 366.3,
    "pct2ResTime" : 374.0,
    "pct3ResTime" : 374.0,
    "throughput" : 0.5517545795630103,
    "receivedKBytesPerSec" : 0.4643036339935997,
    "sentKBytesPerSec" : 0.2936584432244538
  },
  "Login request" : {
    "transaction" : "Login request",
    "sampleCount" : 147,
    "errorCount" : 0,
    "errorPct" : 0.0,
    "meanResTime" : 1259.2380952380956,
    "medianResTime" : 1192.0,
    "minResTime" : 1111.0,
    "maxResTime" : 2917.0,
    "pct1ResTime" : 1440.0,
    "pct2ResTime" : 1586.0,
    "pct3ResTime" : 2915.08,
    "throughput" : 2.582662778031554,
    "receivedKBytesPerSec" : 3.180390814417232,
    "sentKBytesPerSec" : 1.1188141547928598
  },
  "Update Contact" : {
    "transaction" : "Update Contact",
    "sampleCount" : 139,
    "errorCount" : 0,
    "errorPct" : 0.0,
    "meanResTime" : 309.33093525179873,
    "medianResTime" : 294.0,
    "minResTime" : 269.0,
    "maxResTime" : 677.0,
    "pct1ResTime" : 354.0,
    "pct2ResTime" : 377.0,
    "pct3ResTime" : 660.1999999999998,
    "throughput" : 2.4789114190430332,
    "receivedKBytesPerSec" : 2.578251787847984,
    "sentKBytesPerSec" : 2.2715575566672017
  },
  "Total" : {
    "transaction" : "Total",
    "sampleCount" : 852,
    "errorCount" : 0,
    "errorPct" : 0.0,
    "meanResTime" : 473.1889671361504,
    "medianResTime" : 298.0,
    "minResTime" : 267.0,
    "maxResTime" : 2917.0,
    "pct1ResTime" : 1182.7,
    "pct2ResTime" : 1221.35,
    "pct3ResTime" : 1559.330000000001,
    "throughput" : 14.655795231706058,
    "receivedKBytesPerSec" : 14.996686668945884,
    "sentKBytesPerSec" : 9.656048552697216
  },
  "Get Contact" : {
    "transaction" : "Get Contact",
    "sampleCount" : 140,
    "errorCount" : 0,
    "errorPct" : 0.0,
    "meanResTime" : 310.7428571428573,
    "medianResTime" : 291.0,
    "minResTime" : 267.0,
    "maxResTime" : 936.0,
    "pct1ResTime" : 339.9,
    "pct2ResTime" : 395.29999999999984,
    "pct3ResTime" : 920.0100000000001,
    "throughput" : 2.497903545238817,
    "receivedKBytesPerSec" : 2.598439981176513,
    "sentKBytesPerSec" : 1.3343293352008136
  },
  "Delete Contact" : {
    "transaction" : "Delete Contact",
    "sampleCount" : 137,
    "errorCount" : 0,
    "errorPct" : 0.0,
    "meanResTime" : 313.64233576642334,
    "medianResTime" : 295.0,
    "minResTime" : 268.0,
    "maxResTime" : 933.0,
    "pct1ResTime" : 356.6,
    "pct2ResTime" : 384.2,
    "pct3ResTime" : 842.1800000000011,
    "throughput" : 2.580961172547616,
    "receivedKBytesPerSec" : 1.9069470479079142,
    "sentKBytesPerSec" : 1.5752936844162695
  },
  "Update Contact2" : {
    "transaction" : "Update Contact2",
    "sampleCount" : 138,
    "errorCount" : 0,
    "errorPct" : 0.0,
    "meanResTime" : 312.5000000000003,
    "medianResTime" : 296.0,
    "minResTime" : 274.0,
    "maxResTime" : 444.0,
    "pct1ResTime" : 367.3,
    "pct2ResTime" : 384.2999999999999,
    "pct3ResTime" : 444.0,
    "throughput" : 2.5995554383453263,
    "receivedKBytesPerSec" : 2.7037679720171046,
    "sentKBytesPerSec" : 1.6539899585107185
  }
}